Intersection,Latitude,Longitude
1AVE/1ST,37.779786,-122.509476
1AVE/2ST,37.779786,-122.50718725
1AVE/3ST,37.779786,-122.50489850000001
1AVE/4ST,37.779786,-122.50260975
1AVE/5ST,37.779786,-122.500321
1AVE/6ST,37.779786,-122.49803225000001
1AVE/7ST,37.779786,-122.4957435
1AVE/8ST,37.779786,-122.49345475000001
1AVE/9ST,37.779786,-122.491166
1AVE/10ST,37.779786,-122.48887725
1AVE/11ST,37.779786,-122.48658850000001
1AVE/12ST,37.779786,-122.48429975
1AVE/13ST,37.779786,-122.482011
1AVE/14ST,37.779786,-122.47972225000001
1AVE/15ST,37.779786,-122.4774335
1AVE/16ST,37.779786,-122.47514475000001
1AVE/17ST,37.779786,-122.47285600000001
1AVE/18ST,37.779786,-122.47056725
1AVE/19ST,37.779786,-122.46827850000001
1AVE/20ST,37.779786,-122.46598975
1AVE/21ST,37.779786,-122.463701
1AVE/22ST,37.779786,-122.46141225000001
1AVE/23ST,37.779786,-122.4591235
1AVE/24ST,37.779786,-122.45683475000001
1AVE/25ST,37.779786,-122.45454600000001
1AVE/26ST,37.779786,-122.45225725
1AVE/27ST,37.779786,-122.44996850000001
1AVE/28ST,37.779786,-122.44767975
1AVE/29ST,37.779786,-122.445391
1AVE/30ST,37.779786,-122.44310225000001
1AVE/31ST,37.779786,-122.4408135
1AVE/32ST,37.779786,-122.43852475000001
1AVE/33ST,37.779786,-122.43623600000001
1AVE/34ST,37.779786,-122.43394725
1AVE/35ST,37.779786,-122.43165850000001
1AVE/36ST,37.779786,-122.42936975
1AVE/37ST,37.779786,-122.427081
1AVE/38ST,37.779786,-122.42479225000001
1AVE/39ST,37.779786,-122.4225035
1AVE/40ST,37.779786,-122.42021475
1AVE/41ST,37.779786,-122.41792600000001
1AVE/42ST,37.779786,-122.41563725
1AVE/43ST,37.779786,-122.41334850000001
1AVE/44ST,37.779786,-122.41105975
1AVE/45ST,37.779786,-122.408771
1AVE/46ST,37.779786,-122.40648225000001
1AVE/47ST,37.779786,-122.4041935
1AVE/48ST,37.779786,-122.40190475
1AVE/49ST,37.779786,-122.39961600000001
1AVE/50ST,37.779786,-122.39732725
1AVE/51ST,37.779786,-122.39503850000001
1AVE/52ST,37.779786,-122.39274975000001
1AVE/53ST,37.779786,-122.390461
1AVE/54ST,37.779786,-122.38817225000001
1AVE/55ST,37.779786,-122.3858835
1AVE/56ST,37.779786,-122.38359475
1AVE/57ST,37.779786,-122.38130600000001
1AVE/58ST,37.779786,-122.37901725
1AVE/59ST,37.779786,-122.37672850000001
1AVE/60ST,37.779786,-122.37443975000001
1AVE/61ST,37.779786,-122.372151
1AVE/62ST,37.779786,-122.36986225000001
1AVE/63ST,37.779786,-122.3675735
1AVE/64ST,37.779786,-122.36528475
1AVE/65ST,37.779786,-122.36299600000001
1AVE/66ST,37.779786,-122.36070725
1AVE/67ST,37.779786,-122.35841850000001
1AVE/68ST,37.779786,-122.35612975000001
1AVE/69ST,37.779786,-122.353841
1AVE/70ST,37.779786,-122.35155225000001
1AVE/71ST,37.779786,-122.3492635
1AVE/72ST,37.779786,-122.34697475
1AVE/73ST,37.779786,-122.34468600000001
1AVE/74ST,37.779786,-122.34239725
1AVE/75ST,37.779786,-122.3401085
1AVE/76ST,37.779786,-122.33781975000001
1AVE/77ST,37.779786,-122.335531
1AVE/78ST,37.779786,-122.33324225000001
1AVE/79ST,37.779786,-122.3309535
1AVE/80ST,37.779786,-122.32866475
2AVE/1ST,37.78884225,-122.509476
2AVE/2ST,37.78884225,-122.50718725
2AVE/3ST,37.78884225,-122.50489850000001
2AVE/4ST,37.78884225,-122.50260975
2AVE/5ST,37.78884225,-122.500321
2AVE/6ST,37.78884225,-122.49803225000001
2AVE/7ST,37.78884225,-122.4957435
2AVE/8ST,37.78884225,-122.49345475000001
2AVE/9ST,37.78884225,-122.491166
2AVE/10ST,37.78884225,-122.48887725
2AVE/11ST,37.78884225,-122.48658850000001
2AVE/12ST,37.78884225,-122.48429975
2AVE/13ST,37.78884225,-122.482011
2AVE/14ST,37.78884225,-122.47972225000001
2AVE/15ST,37.78884225,-122.4774335
2AVE/16ST,37.78884225,-122.47514475000001
2AVE/17ST,37.78884225,-122.47285600000001
2AVE/18ST,37.78884225,-122.47056725
2AVE/19ST,37.78884225,-122.46827850000001
2AVE/20ST,37.78884225,-122.46598975
2AVE/21ST,37.78884225,-122.463701
2AVE/22ST,37.78884225,-122.46141225000001
2AVE/23ST,37.78884225,-122.4591235
2AVE/24ST,37.78884225,-122.45683475000001
2AVE/25ST,37.78884225,-122.45454600000001
2AVE/26ST,37.78884225,-122.45225725
2AVE/27ST,37.78884225,-122.44996850000001
2AVE/28ST,37.78884225,-122.44767975
2AVE/29ST,37.78884225,-122.445391
2AVE/30ST,37.78884225,-122.44310225000001
2AVE/31ST,37.78884225,-122.4408135
2AVE/32ST,37.78884225,-122.43852475000001
2AVE/33ST,37.78884225,-122.43623600000001
2AVE/34ST,37.78884225,-122.43394725
2AVE/35ST,37.78884225,-122.43165850000001
2AVE/36ST,37.78884225,-122.42936975
2AVE/37ST,37.78884225,-122.427081
2AVE/38ST,37.78884225,-122.42479225000001
2AVE/39ST,37.78884225,-122.4225035
2AVE/40ST,37.78884225,-122.42021475
2AVE/41ST,37.78884225,-122.41792600000001
2AVE/42ST,37.78884225,-122.41563725
2AVE/43ST,37.78884225,-122.41334850000001
2AVE/44ST,37.78884225,-122.41105975
2AVE/45ST,37.78884225,-122.408771
2AVE/46ST,37.78884225,-122.40648225000001
2AVE/47ST,37.78884225,-122.4041935
2AVE/48ST,37.78884225,-122.40190475
2AVE/49ST,37.78884225,-122.39961600000001
2AVE/50ST,37.78884225,-122.39732725
2AVE/51ST,37.78884225,-122.39503850000001
2AVE/52ST,37.78884225,-122.39274975000001
2AVE/53ST,37.78884225,-122.390461
2AVE/54ST,37.78884225,-122.38817225000001
2AVE/55ST,37.78884225,-122.3858835
2AVE/56ST,37.78884225,-122.38359475
2AVE/57ST,37.78884225,-122.38130600000001
2AVE/58ST,37.78884225,-122.37901725
2AVE/59ST,37.78884225,-122.37672850000001
2AVE/60ST,37.78884225,-122.37443975000001
2AVE/61ST,37.78884225,-122.372151
2AVE/62ST,37.78884225,-122.36986225000001
2AVE/63ST,37.78884225,-122.3675735
2AVE/64ST,37.78884225,-122.36528475
2AVE/65ST,37.78884225,-122.36299600000001
2AVE/66ST,37.78884225,-122.36070725
2AVE/67ST,37.78884225,-122.35841850000001
2AVE/68ST,37.78884225,-122.35612975000001
2AVE/69ST,37.78884225,-122.353841
2AVE/70ST,37.78884225,-122.35155225000001
2AVE/71ST,37.78884225,-122.3492635
2AVE/72ST,37.78884225,-122.34697475
2AVE/73ST,37.78884225,-122.34468600000001
2AVE/74ST,37.78884225,-122.34239725
2AVE/75ST,37.78884225,-122.3401085
2AVE/76ST,37.78884225,-122.33781975000001
2AVE/77ST,37.78884225,-122.335531
2AVE/78ST,37.78884225,-122.33324225000001
2AVE/79ST,37.78884225,-122.3309535
2AVE/80ST,37.78884225,-122.32866475
3AVE/1ST,37.7978985,-122.509476
3AVE/2ST,37.7978985,-122.50718725
3AVE/3ST,37.7978985,-122.50489850000001
3AVE/4ST,37.7978985,-122.50260975
3AVE/5ST,37.7978985,-122.500321
3AVE/6ST,37.7978985,-122.49803225000001
3AVE/7ST,37.7978985,-122.4957435
3AVE/8ST,37.7978985,-122.49345475000001
3AVE/9ST,37.7978985,-122.491166
3AVE/10ST,37.7978985,-122.48887725
3AVE/11ST,37.7978985,-122.48658850000001
3AVE/12ST,37.7978985,-122.48429975
3AVE/13ST,37.7978985,-122.482011
3AVE/14ST,37.7978985,-122.47972225000001
3AVE/15ST,37.7978985,-122.4774335
3AVE/16ST,37.7978985,-122.47514475000001
3AVE/17ST,37.7978985,-122.47285600000001
3AVE/18ST,37.7978985,-122.47056725
3AVE/19ST,37.7978985,-122.46827850000001
3AVE/20ST,37.7978985,-122.46598975
3AVE/21ST,37.7978985,-122.463701
3AVE/22ST,37.7978985,-122.46141225000001
3AVE/23ST,37.7978985,-122.4591235
3AVE/24ST,37.7978985,-122.45683475000001
3AVE/25ST,37.7978985,-122.45454600000001
3AVE/26ST,37.7978985,-122.45225725
3AVE/27ST,37.7978985,-122.44996850000001
3AVE/28ST,37.7978985,-122.44767975
3AVE/29ST,37.7978985,-122.445391
3AVE/30ST,37.7978985,-122.44310225000001
3AVE/31ST,37.7978985,-122.4408135
3AVE/32ST,37.7978985,-122.43852475000001
3AVE/33ST,37.7978985,-122.43623600000001
3AVE/34ST,37.7978985,-122.43394725
3AVE/35ST,37.7978985,-122.43165850000001
3AVE/36ST,37.7978985,-122.42936975
3AVE/37ST,37.7978985,-122.427081
3AVE/38ST,37.7978985,-122.42479225000001
3AVE/39ST,37.7978985,-122.4225035
3AVE/40ST,37.7978985,-122.42021475
3AVE/41ST,37.7978985,-122.41792600000001
3AVE/42ST,37.7978985,-122.41563725
3AVE/43ST,37.7978985,-122.41334850000001
3AVE/44ST,37.7978985,-122.41105975
3AVE/45ST,37.7978985,-122.408771
3AVE/46ST,37.7978985,-122.40648225000001
3AVE/47ST,37.7978985,-122.4041935
3AVE/48ST,37.7978985,-122.40190475
3AVE/49ST,37.7978985,-122.39961600000001
3AVE/50ST,37.7978985,-122.39732725
3AVE/51ST,37.7978985,-122.39503850000001
3AVE/52ST,37.7978985,-122.39274975000001
3AVE/53ST,37.7978985,-122.390461
3AVE/54ST,37.7978985,-122.38817225000001
3AVE/55ST,37.7978985,-122.3858835
3AVE/56ST,37.7978985,-122.38359475
3AVE/57ST,37.7978985,-122.38130600000001
3AVE/58ST,37.7978985,-122.37901725
3AVE/59ST,37.7978985,-122.37672850000001
3AVE/60ST,37.7978985,-122.37443975000001
3AVE/61ST,37.7978985,-122.372151
3AVE/62ST,37.7978985,-122.36986225000001
3AVE/63ST,37.7978985,-122.3675735
3AVE/64ST,37.7978985,-122.36528475
3AVE/65ST,37.7978985,-122.36299600000001
3AVE/66ST,37.7978985,-122.36070725
3AVE/67ST,37.7978985,-122.35841850000001
3AVE/68ST,37.7978985,-122.35612975000001
3AVE/69ST,37.7978985,-122.353841
3AVE/70ST,37.7978985,-122.35155225000001
3AVE/71ST,37.7978985,-122.3492635
3AVE/72ST,37.7978985,-122.34697475
3AVE/73ST,37.7978985,-122.34468600000001
3AVE/74ST,37.7978985,-122.34239725
3AVE/75ST,37.7978985,-122.3401085
3AVE/76ST,37.7978985,-122.33781975000001
3AVE/77ST,37.7978985,-122.335531
3AVE/78ST,37.7978985,-122.33324225000001
3AVE/79ST,37.7978985,-122.3309535
3AVE/80ST,37.7978985,-122.32866475
4AVE/1ST,37.80695475,-122.509476
4AVE/2ST,37.80695475,-122.50718725
4AVE/3ST,37.80695475,-122.50489850000001
4AVE/4ST,37.80695475,-122.50260975
4AVE/5ST,37.80695475,-122.500321
4AVE/6ST,37.80695475,-122.49803225000001
4AVE/7ST,37.80695475,-122.4957435
4AVE/8ST,37.80695475,-122.49345475000001
4AVE/9ST,37.80695475,-122.491166
4AVE/10ST,37.80695475,-122.48887725
4AVE/11ST,37.80695475,-122.48658850000001
4AVE/12ST,37.80695475,-122.48429975
4AVE/13ST,37.80695475,-122.482011
4AVE/14ST,37.80695475,-122.47972225000001
4AVE/15ST,37.80695475,-122.4774335
4AVE/16ST,37.80695475,-122.47514475000001
4AVE/17ST,37.80695475,-122.47285600000001
4AVE/18ST,37.80695475,-122.47056725
4AVE/19ST,37.80695475,-122.46827850000001
4AVE/20ST,37.80695475,-122.46598975
4AVE/21ST,37.80695475,-122.463701
4AVE/22ST,37.80695475,-122.46141225000001
4AVE/23ST,37.80695475,-122.4591235
4AVE/24ST,37.80695475,-122.45683475000001
4AVE/25ST,37.80695475,-122.45454600000001
4AVE/26ST,37.80695475,-122.45225725
4AVE/27ST,37.80695475,-122.44996850000001
4AVE/28ST,37.80695475,-122.44767975
4AVE/29ST,37.80695475,-122.445391
4AVE/30ST,37.80695475,-122.44310225000001
4AVE/31ST,37.80695475,-122.4408135
4AVE/32ST,37.80695475,-122.43852475000001
4AVE/33ST,37.80695475,-122.43623600000001
4AVE/34ST,37.80695475,-122.43394725
4AVE/35ST,37.80695475,-122.43165850000001
4AVE/36ST,37.80695475,-122.42936975
4AVE/37ST,37.80695475,-122.427081
4AVE/38ST,37.80695475,-122.42479225000001
4AVE/39ST,37.80695475,-122.4225035
4AVE/40ST,37.80695475,-122.42021475
4AVE/41ST,37.80695475,-122.41792600000001
4AVE/42ST,37.80695475,-122.41563725
4AVE/43ST,37.80695475,-122.41334850000001
4AVE/44ST,37.80695475,-122.41105975
4AVE/45ST,37.80695475,-122.408771
4AVE/46ST,37.80695475,-122.40648225000001
4AVE/47ST,37.80695475,-122.4041935
4AVE/48ST,37.80695475,-122.40190475
4AVE/49ST,37.80695475,-122.39961600000001
4AVE/50ST,37.80695475,-122.39732725
4AVE/51ST,37.80695475,-122.39503850000001
4AVE/52ST,37.80695475,-122.39274975000001
4AVE/53ST,37.80695475,-122.390461
4AVE/54ST,37.80695475,-122.38817225000001
4AVE/55ST,37.80695475,-122.3858835
4AVE/56ST,37.80695475,-122.38359475
4AVE/57ST,37.80695475,-122.38130600000001
4AVE/58ST,37.80695475,-122.37901725
4AVE/59ST,37.80695475,-122.37672850000001
4AVE/60ST,37.80695475,-122.37443975000001
4AVE/61ST,37.80695475,-122.372151
4AVE/62ST,37.80695475,-122.36986225000001
4AVE/63ST,37.80695475,-122.3675735
4AVE/64ST,37.80695475,-122.36528475
4AVE/65ST,37.80695475,-122.36299600000001
4AVE/66ST,37.80695475,-122.36070725
4AVE/67ST,37.80695475,-122.35841850000001
4AVE/68ST,37.80695475,-122.35612975000001
4AVE/69ST,37.80695475,-122.353841
4AVE/70ST,37.80695475,-122.35155225000001
4AVE/71ST,37.80695475,-122.3492635
4AVE/72ST,37.80695475,-122.34697475
4AVE/73ST,37.80695475,-122.34468600000001
4AVE/74ST,37.80695475,-122.34239725
4AVE/75ST,37.80695475,-122.3401085
4AVE/76ST,37.80695475,-122.33781975000001
4AVE/77ST,37.80695475,-122.335531
4AVE/78ST,37.80695475,-122.33324225000001
4AVE/79ST,37.80695475,-122.3309535
4AVE/80ST,37.80695475,-122.32866475
5AVE/1ST,37.816011,-122.509476
5AVE/2ST,37.816011,-122.50718725
5AVE/3ST,37.816011,-122.50489850000001
5AVE/4ST,37.816011,-122.50260975
5AVE/5ST,37.816011,-122.500321
5AVE/6ST,37.816011,-122.49803225000001
5AVE/7ST,37.816011,-122.4957435
5AVE/8ST,37.816011,-122.49345475000001
5AVE/9ST,37.816011,-122.491166
5AVE/10ST,37.816011,-122.48887725
5AVE/11ST,37.816011,-122.48658850000001
5AVE/12ST,37.816011,-122.48429975
5AVE/13ST,37.816011,-122.482011
5AVE/14ST,37.816011,-122.47972225000001
5AVE/15ST,37.816011,-122.4774335
5AVE/16ST,37.816011,-122.47514475000001
5AVE/17ST,37.816011,-122.47285600000001
5AVE/18ST,37.816011,-122.47056725
5AVE/19ST,37.816011,-122.46827850000001
5AVE/20ST,37.816011,-122.46598975
5AVE/21ST,37.816011,-122.463701
5AVE/22ST,37.816011,-122.46141225000001
5AVE/23ST,37.816011,-122.4591235
5AVE/24ST,37.816011,-122.45683475000001
5AVE/25ST,37.816011,-122.45454600000001
5AVE/26ST,37.816011,-122.45225725
5AVE/27ST,37.816011,-122.44996850000001
5AVE/28ST,37.816011,-122.44767975
5AVE/29ST,37.816011,-122.445391
5AVE/30ST,37.816011,-122.44310225000001
5AVE/31ST,37.816011,-122.4408135
5AVE/32ST,37.816011,-122.43852475000001
5AVE/33ST,37.816011,-122.43623600000001
5AVE/34ST,37.816011,-122.43394725
5AVE/35ST,37.816011,-122.43165850000001
5AVE/36ST,37.816011,-122.42936975
5AVE/37ST,37.816011,-122.427081
5AVE/38ST,37.816011,-122.42479225000001
5AVE/39ST,37.816011,-122.4225035
5AVE/40ST,37.816011,-122.42021475
5AVE/41ST,37.816011,-122.41792600000001
5AVE/42ST,37.816011,-122.41563725
5AVE/43ST,37.816011,-122.41334850000001
5AVE/44ST,37.816011,-122.41105975
5AVE/45ST,37.816011,-122.408771
5AVE/46ST,37.816011,-122.40648225000001
5AVE/47ST,37.816011,-122.4041935
5AVE/48ST,37.816011,-122.40190475
5AVE/49ST,37.816011,-122.39961600000001
5AVE/50ST,37.816011,-122.39732725
5AVE/51ST,37.816011,-122.39503850000001
5AVE/52ST,37.816011,-122.39274975000001
5AVE/53ST,37.816011,-122.390461
5AVE/54ST,37.816011,-122.38817225000001
5AVE/55ST,37.816011,-122.3858835
5AVE/56ST,37.816011,-122.38359475
5AVE/57ST,37.816011,-122.38130600000001
5AVE/58ST,37.816011,-122.37901725
5AVE/59ST,37.816011,-122.37672850000001
5AVE/60ST,37.816011,-122.37443975000001
5AVE/61ST,37.816011,-122.372151
5AVE/62ST,37.816011,-122.36986225000001
5AVE/63ST,37.816011,-122.3675735
5AVE/64ST,37.816011,-122.36528475
5AVE/65ST,37.816011,-122.36299600000001
5AVE/66ST,37.816011,-122.36070725
5AVE/67ST,37.816011,-122.35841850000001
5AVE/68ST,37.816011,-122.35612975000001
5AVE/69ST,37.816011,-122.353841
5AVE/70ST,37.816011,-122.35155225000001
5AVE/71ST,37.816011,-122.3492635
5AVE/72ST,37.816011,-122.34697475
5AVE/73ST,37.816011,-122.34468600000001
5AVE/74ST,37.816011,-122.34239725
5AVE/75ST,37.816011,-122.3401085
5AVE/76ST,37.816011,-122.33781975000001
5AVE/77ST,37.816011,-122.335531
5AVE/78ST,37.816011,-122.33324225000001
5AVE/79ST,37.816011,-122.3309535
5AVE/80ST,37.816011,-122.32866475
6AVE/1ST,37.825067250000004,-122.509476
6AVE/2ST,37.825067250000004,-122.50718725
6AVE/3ST,37.825067250000004,-122.50489850000001
6AVE/4ST,37.825067250000004,-122.50260975
6AVE/5ST,37.825067250000004,-122.500321
6AVE/6ST,37.825067250000004,-122.49803225000001
6AVE/7ST,37.825067250000004,-122.4957435
6AVE/8ST,37.825067250000004,-122.49345475000001
6AVE/9ST,37.825067250000004,-122.491166
6AVE/10ST,37.825067250000004,-122.48887725
6AVE/11ST,37.825067250000004,-122.48658850000001
6AVE/12ST,37.825067250000004,-122.48429975
6AVE/13ST,37.825067250000004,-122.482011
6AVE/14ST,37.825067250000004,-122.47972225000001
6AVE/15ST,37.825067250000004,-122.4774335
6AVE/16ST,37.825067250000004,-122.47514475000001
6AVE/17ST,37.825067250000004,-122.47285600000001
6AVE/18ST,37.825067250000004,-122.47056725
6AVE/19ST,37.825067250000004,-122.46827850000001
6AVE/20ST,37.825067250000004,-122.46598975
6AVE/21ST,37.825067250000004,-122.463701
6AVE/22ST,37.825067250000004,-122.46141225000001
6AVE/23ST,37.825067250000004,-122.4591235
6AVE/24ST,37.825067250000004,-122.45683475000001
6AVE/25ST,37.825067250000004,-122.45454600000001
6AVE/26ST,37.825067250000004,-122.45225725
6AVE/27ST,37.825067250000004,-122.44996850000001
6AVE/28ST,37.825067250000004,-122.44767975
6AVE/29ST,37.825067250000004,-122.445391
6AVE/30ST,37.825067250000004,-122.44310225000001
6AVE/31ST,37.825067250000004,-122.4408135
6AVE/32ST,37.825067250000004,-122.43852475000001
6AVE/33ST,37.825067250000004,-122.43623600000001
6AVE/34ST,37.825067250000004,-122.43394725
6AVE/35ST,37.825067250000004,-122.43165850000001
6AVE/36ST,37.825067250000004,-122.42936975
6AVE/37ST,37.825067250000004,-122.427081
6AVE/38ST,37.825067250000004,-122.42479225000001
6AVE/39ST,37.825067250000004,-122.4225035
6AVE/40ST,37.825067250000004,-122.42021475
6AVE/41ST,37.825067250000004,-122.41792600000001
6AVE/42ST,37.825067250000004,-122.41563725
6AVE/43ST,37.825067250000004,-122.41334850000001
6AVE/44ST,37.825067250000004,-122.41105975
6AVE/45ST,37.825067250000004,-122.408771
6AVE/46ST,37.825067250000004,-122.40648225000001
6AVE/47ST,37.825067250000004,-122.4041935
6AVE/48ST,37.825067250000004,-122.40190475
6AVE/49ST,37.825067250000004,-122.39961600000001
6AVE/50ST,37.825067250000004,-122.39732725
6AVE/51ST,37.825067250000004,-122.39503850000001
6AVE/52ST,37.825067250000004,-122.39274975000001
6AVE/53ST,37.825067250000004,-122.390461
6AVE/54ST,37.825067250000004,-122.38817225000001
6AVE/55ST,37.825067250000004,-122.3858835
6AVE/56ST,37.825067250000004,-122.38359475
6AVE/57ST,37.825067250000004,-122.38130600000001
6AVE/58ST,37.825067250000004,-122.37901725
6AVE/59ST,37.825067250000004,-122.37672850000001
6AVE/60ST,37.825067250000004,-122.37443975000001
6AVE/61ST,37.825067250000004,-122.372151
6AVE/62ST,37.825067250000004,-122.36986225000001
6AVE/63ST,37.825067250000004,-122.3675735
6AVE/64ST,37.825067250000004,-122.36528475
6AVE/65ST,37.825067250000004,-122.36299600000001
6AVE/66ST,37.825067250000004,-122.36070725
6AVE/67ST,37.825067250000004,-122.35841850000001
6AVE/68ST,37.825067250000004,-122.35612975000001
6AVE/69ST,37.825067250000004,-122.353841
6AVE/70ST,37.825067250000004,-122.35155225000001
6AVE/71ST,37.825067250000004,-122.3492635
6AVE/72ST,37.825067250000004,-122.34697475
6AVE/73ST,37.825067250000004,-122.34468600000001
6AVE/74ST,37.825067250000004,-122.34239725
6AVE/75ST,37.825067250000004,-122.3401085
6AVE/76ST,37.825067250000004,-122.33781975000001
6AVE/77ST,37.825067250000004,-122.335531
6AVE/78ST,37.825067250000004,-122.33324225000001
6AVE/79ST,37.825067250000004,-122.3309535
6AVE/80ST,37.825067250000004,-122.32866475
7AVE/1ST,37.834123500000004,-122.509476
7AVE/2ST,37.834123500000004,-122.50718725
7AVE/3ST,37.834123500000004,-122.50489850000001
7AVE/4ST,37.834123500000004,-122.50260975
7AVE/5ST,37.834123500000004,-122.500321
7AVE/6ST,37.834123500000004,-122.49803225000001
7AVE/7ST,37.834123500000004,-122.4957435
7AVE/8ST,37.834123500000004,-122.49345475000001
7AVE/9ST,37.834123500000004,-122.491166
7AVE/10ST,37.834123500000004,-122.48887725
7AVE/11ST,37.834123500000004,-122.48658850000001
7AVE/12ST,37.834123500000004,-122.48429975
7AVE/13ST,37.834123500000004,-122.482011
7AVE/14ST,37.834123500000004,-122.47972225000001
7AVE/15ST,37.834123500000004,-122.4774335
7AVE/16ST,37.834123500000004,-122.47514475000001
7AVE/17ST,37.834123500000004,-122.47285600000001
7AVE/18ST,37.834123500000004,-122.47056725
7AVE/19ST,37.834123500000004,-122.46827850000001
7AVE/20ST,37.834123500000004,-122.46598975
7AVE/21ST,37.834123500000004,-122.463701
7AVE/22ST,37.834123500000004,-122.46141225000001
7AVE/23ST,37.834123500000004,-122.4591235
7AVE/24ST,37.834123500000004,-122.45683475000001
7AVE/25ST,37.834123500000004,-122.45454600000001
7AVE/26ST,37.834123500000004,-122.45225725
7AVE/27ST,37.834123500000004,-122.44996850000001
7AVE/28ST,37.834123500000004,-122.44767975
7AVE/29ST,37.834123500000004,-122.445391
7AVE/30ST,37.834123500000004,-122.44310225000001
7AVE/31ST,37.834123500000004,-122.4408135
7AVE/32ST,37.834123500000004,-122.43852475000001
7AVE/33ST,37.834123500000004,-122.43623600000001
7AVE/34ST,37.834123500000004,-122.43394725
7AVE/35ST,37.834123500000004,-122.43165850000001
7AVE/36ST,37.834123500000004,-122.42936975
7AVE/37ST,37.834123500000004,-122.427081
7AVE/38ST,37.834123500000004,-122.42479225000001
7AVE/39ST,37.834123500000004,-122.4225035
7AVE/40ST,37.834123500000004,-122.42021475
7AVE/41ST,37.834123500000004,-122.41792600000001
7AVE/42ST,37.834123500000004,-122.41563725
7AVE/43ST,37.834123500000004,-122.41334850000001
7AVE/44ST,37.834123500000004,-122.41105975
7AVE/45ST,37.834123500000004,-122.408771
7AVE/46ST,37.834123500000004,-122.40648225000001
7AVE/47ST,37.834123500000004,-122.4041935
7AVE/48ST,37.834123500000004,-122.40190475
7AVE/49ST,37.834123500000004,-122.39961600000001
7AVE/50ST,37.834123500000004,-122.39732725
7AVE/51ST,37.834123500000004,-122.39503850000001
7AVE/52ST,37.834123500000004,-122.39274975000001
7AVE/53ST,37.834123500000004,-122.390461
7AVE/54ST,37.834123500000004,-122.38817225000001
7AVE/55ST,37.834123500000004,-122.3858835
7AVE/56ST,37.834123500000004,-122.38359475
7AVE/57ST,37.834123500000004,-122.38130600000001
7AVE/58ST,37.834123500000004,-122.37901725
7AVE/59ST,37.834123500000004,-122.37672850000001
7AVE/60ST,37.834123500000004,-122.37443975000001
7AVE/61ST,37.834123500000004,-122.372151
7AVE/62ST,37.834123500000004,-122.36986225000001
7AVE/63ST,37.834123500000004,-122.3675735
7AVE/64ST,37.834123500000004,-122.36528475
7AVE/65ST,37.834123500000004,-122.36299600000001
7AVE/66ST,37.834123500000004,-122.36070725
7AVE/67ST,37.834123500000004,-122.35841850000001
7AVE/68ST,37.834123500000004,-122.35612975000001
7AVE/69ST,37.834123500000004,-122.353841
7AVE/70ST,37.834123500000004,-122.35155225000001
7AVE/71ST,37.834123500000004,-122.3492635
7AVE/72ST,37.834123500000004,-122.34697475
7AVE/73ST,37.834123500000004,-122.34468600000001
7AVE/74ST,37.834123500000004,-122.34239725
7AVE/75ST,37.834123500000004,-122.3401085
7AVE/76ST,37.834123500000004,-122.33781975000001
7AVE/77ST,37.834123500000004,-122.335531
7AVE/78ST,37.834123500000004,-122.33324225000001
7AVE/79ST,37.834123500000004,-122.3309535
7AVE/80ST,37.834123500000004,-122.32866475
8AVE/1ST,37.843179750000004,-122.509476
8AVE/2ST,37.843179750000004,-122.50718725
8AVE/3ST,37.843179750000004,-122.50489850000001
8AVE/4ST,37.843179750000004,-122.50260975
8AVE/5ST,37.843179750000004,-122.500321
8AVE/6ST,37.843179750000004,-122.49803225000001
8AVE/7ST,37.843179750000004,-122.4957435
8AVE/8ST,37.843179750000004,-122.49345475000001
8AVE/9ST,37.843179750000004,-122.491166
8AVE/10ST,37.843179750000004,-122.48887725
8AVE/11ST,37.843179750000004,-122.48658850000001
8AVE/12ST,37.843179750000004,-122.48429975
8AVE/13ST,37.843179750000004,-122.482011
8AVE/14ST,37.843179750000004,-122.47972225000001
8AVE/15ST,37.843179750000004,-122.4774335
8AVE/16ST,37.843179750000004,-122.47514475000001
8AVE/17ST,37.843179750000004,-122.47285600000001
8AVE/18ST,37.843179750000004,-122.47056725
8AVE/19ST,37.843179750000004,-122.46827850000001
8AVE/20ST,37.843179750000004,-122.46598975
8AVE/21ST,37.843179750000004,-122.463701
8AVE/22ST,37.843179750000004,-122.46141225000001
8AVE/23ST,37.843179750000004,-122.4591235
8AVE/24ST,37.843179750000004,-122.45683475000001
8AVE/25ST,37.843179750000004,-122.45454600000001
8AVE/26ST,37.843179750000004,-122.45225725
8AVE/27ST,37.843179750000004,-122.44996850000001
8AVE/28ST,37.843179750000004,-122.44767975
8AVE/29ST,37.843179750000004,-122.445391
8AVE/30ST,37.843179750000004,-122.44310225000001
8AVE/31ST,37.843179750000004,-122.4408135
8AVE/32ST,37.843179750000004,-122.43852475000001
8AVE/33ST,37.843179750000004,-122.43623600000001
8AVE/34ST,37.843179750000004,-122.43394725
8AVE/35ST,37.843179750000004,-122.43165850000001
8AVE/36ST,37.843179750000004,-122.42936975
8AVE/37ST,37.843179750000004,-122.427081
8AVE/38ST,37.843179750000004,-122.42479225000001
8AVE/39ST,37.843179750000004,-122.4225035
8AVE/40ST,37.843179750000004,-122.42021475
8AVE/41ST,37.843179750000004,-122.41792600000001
8AVE/42ST,37.843179750000004,-122.41563725
8AVE/43ST,37.843179750000004,-122.41334850000001
8AVE/44ST,37.843179750000004,-122.41105975
8AVE/45ST,37.843179750000004,-122.408771
8AVE/46ST,37.843179750000004,-122.40648225000001
8AVE/47ST,37.843179750000004,-122.4041935
8AVE/48ST,37.843179750000004,-122.40190475
8AVE/49ST,37.843179750000004,-122.39961600000001
8AVE/50ST,37.843179750000004,-122.39732725
8AVE/51ST,37.843179750000004,-122.39503850000001
8AVE/52ST,37.843179750000004,-122.39274975000001
8AVE/53ST,37.843179750000004,-122.390461
8AVE/54ST,37.843179750000004,-122.38817225000001
8AVE/55ST,37.843179750000004,-122.3858835
8AVE/56ST,37.843179750000004,-122.38359475
8AVE/57ST,37.843179750000004,-122.38130600000001
8AVE/58ST,37.843179750000004,-122.37901725
8AVE/59ST,37.843179750000004,-122.37672850000001
8AVE/60ST,37.843179750000004,-122.37443975000001
8AVE/61ST,37.843179750000004,-122.372151
8AVE/62ST,37.843179750000004,-122.36986225000001
8AVE/63ST,37.843179750000004,-122.3675735
8AVE/64ST,37.843179750000004,-122.36528475
8AVE/65ST,37.843179750000004,-122.36299600000001
8AVE/66ST,37.843179750000004,-122.36070725
8AVE/67ST,37.843179750000004,-122.35841850000001
8AVE/68ST,37.843179750000004,-122.35612975000001
8AVE/69ST,37.843179750000004,-122.353841
8AVE/70ST,37.843179750000004,-122.35155225000001
8AVE/71ST,37.843179750000004,-122.3492635
8AVE/72ST,37.843179750000004,-122.34697475
8AVE/73ST,37.843179750000004,-122.34468600000001
8AVE/74ST,37.843179750000004,-122.34239725
8AVE/75ST,37.843179750000004,-122.3401085
8AVE/76ST,37.843179750000004,-122.33781975000001
8AVE/77ST,37.843179750000004,-122.335531
8AVE/78ST,37.843179750000004,-122.33324225000001
8AVE/79ST,37.843179750000004,-122.3309535
8AVE/80ST,37.843179750000004,-122.32866475
9AVE/1ST,37.852236000000005,-122.509476
9AVE/2ST,37.852236000000005,-122.50718725
9AVE/3ST,37.852236000000005,-122.50489850000001
9AVE/4ST,37.852236000000005,-122.50260975
9AVE/5ST,37.852236000000005,-122.500321
9AVE/6ST,37.852236000000005,-122.49803225000001
9AVE/7ST,37.852236000000005,-122.4957435
9AVE/8ST,37.852236000000005,-122.49345475000001
9AVE/9ST,37.852236000000005,-122.491166
9AVE/10ST,37.852236000000005,-122.48887725
9AVE/11ST,37.852236000000005,-122.48658850000001
9AVE/12ST,37.852236000000005,-122.48429975
9AVE/13ST,37.852236000000005,-122.482011
9AVE/14ST,37.852236000000005,-122.47972225000001
9AVE/15ST,37.852236000000005,-122.4774335
9AVE/16ST,37.852236000000005,-122.47514475000001
9AVE/17ST,37.852236000000005,-122.47285600000001
9AVE/18ST,37.852236000000005,-122.47056725
9AVE/19ST,37.852236000000005,-122.46827850000001
9AVE/20ST,37.852236000000005,-122.46598975
9AVE/21ST,37.852236000000005,-122.463701
9AVE/22ST,37.852236000000005,-122.46141225000001
9AVE/23ST,37.852236000000005,-122.4591235
9AVE/24ST,37.852236000000005,-122.45683475000001
9AVE/25ST,37.852236000000005,-122.45454600000001
9AVE/26ST,37.852236000000005,-122.45225725
9AVE/27ST,37.852236000000005,-122.44996850000001
9AVE/28ST,37.852236000000005,-122.44767975
9AVE/29ST,37.852236000000005,-122.445391
9AVE/30ST,37.852236000000005,-122.44310225000001
9AVE/31ST,37.852236000000005,-122.4408135
9AVE/32ST,37.852236000000005,-122.43852475000001
9AVE/33ST,37.852236000000005,-122.43623600000001
9AVE/34ST,37.852236000000005,-122.43394725
9AVE/35ST,37.852236000000005,-122.43165850000001
9AVE/36ST,37.852236000000005,-122.42936975
9AVE/37ST,37.852236000000005,-122.427081
9AVE/38ST,37.852236000000005,-122.42479225000001
9AVE/39ST,37.852236000000005,-122.4225035
9AVE/40ST,37.852236000000005,-122.42021475
9AVE/41ST,37.852236000000005,-122.41792600000001
9AVE/42ST,37.852236000000005,-122.41563725
9AVE/43ST,37.852236000000005,-122.41334850000001
9AVE/44ST,37.852236000000005,-122.41105975
9AVE/45ST,37.852236000000005,-122.408771
9AVE/46ST,37.852236000000005,-122.40648225000001
9AVE/47ST,37.852236000000005,-122.4041935
9AVE/48ST,37.852236000000005,-122.40190475
9AVE/49ST,37.852236000000005,-122.39961600000001
9AVE/50ST,37.852236000000005,-122.39732725
9AVE/51ST,37.852236000000005,-122.39503850000001
9AVE/52ST,37.852236000000005,-122.39274975000001
9AVE/53ST,37.852236000000005,-122.390461
9AVE/54ST,37.852236000000005,-122.38817225000001
9AVE/55ST,37.852236000000005,-122.3858835
9AVE/56ST,37.852236000000005,-122.38359475
9AVE/57ST,37.852236000000005,-122.38130600000001
9AVE/58ST,37.852236000000005,-122.37901725
9AVE/59ST,37.852236000000005,-122.37672850000001
9AVE/60ST,37.852236000000005,-122.37443975000001
9AVE/61ST,37.852236000000005,-122.372151
9AVE/62ST,37.852236000000005,-122.36986225000001
9AVE/63ST,37.852236000000005,-122.3675735
9AVE/64ST,37.852236000000005,-122.36528475
9AVE/65ST,37.852236000000005,-122.36299600000001
9AVE/66ST,37.852236000000005,-122.36070725
9AVE/67ST,37.852236000000005,-122.35841850000001
9AVE/68ST,37.852236000000005,-122.35612975000001
9AVE/69ST,37.852236000000005,-122.353841
9AVE/70ST,37.852236000000005,-122.35155225000001
9AVE/71ST,37.852236000000005,-122.3492635
9AVE/72ST,37.852236000000005,-122.34697475
9AVE/73ST,37.852236000000005,-122.34468600000001
9AVE/74ST,37.852236000000005,-122.34239725
9AVE/75ST,37.852236000000005,-122.3401085
9AVE/76ST,37.852236000000005,-122.33781975000001
9AVE/77ST,37.852236000000005,-122.335531
9AVE/78ST,37.852236000000005,-122.33324225000001
9AVE/79ST,37.852236000000005,-122.3309535
9AVE/80ST,37.852236000000005,-122.32866475
10AVE/1ST,37.86129225,-122.509476
10AVE/2ST,37.86129225,-122.50718725
10AVE/3ST,37.86129225,-122.50489850000001
10AVE/4ST,37.86129225,-122.50260975
10AVE/5ST,37.86129225,-122.500321
10AVE/6ST,37.86129225,-122.49803225000001
10AVE/7ST,37.86129225,-122.4957435
10AVE/8ST,37.86129225,-122.49345475000001
10AVE/9ST,37.86129225,-122.491166
10AVE/10ST,37.86129225,-122.48887725
10AVE/11ST,37.86129225,-122.48658850000001
10AVE/12ST,37.86129225,-122.48429975
10AVE/13ST,37.86129225,-122.482011
10AVE/14ST,37.86129225,-122.47972225000001
10AVE/15ST,37.86129225,-122.4774335
10AVE/16ST,37.86129225,-122.47514475000001
10AVE/17ST,37.86129225,-122.47285600000001
10AVE/18ST,37.86129225,-122.47056725
10AVE/19ST,37.86129225,-122.46827850000001
10AVE/20ST,37.86129225,-122.46598975
10AVE/21ST,37.86129225,-122.463701
10AVE/22ST,37.86129225,-122.46141225000001
10AVE/23ST,37.86129225,-122.4591235
10AVE/24ST,37.86129225,-122.45683475000001
10AVE/25ST,37.86129225,-122.45454600000001
10AVE/26ST,37.86129225,-122.45225725
10AVE/27ST,37.86129225,-122.44996850000001
10AVE/28ST,37.86129225,-122.44767975
10AVE/29ST,37.86129225,-122.445391
10AVE/30ST,37.86129225,-122.44310225000001
10AVE/31ST,37.86129225,-122.4408135
10AVE/32ST,37.86129225,-122.43852475000001
10AVE/33ST,37.86129225,-122.43623600000001
10AVE/34ST,37.86129225,-122.43394725
10AVE/35ST,37.86129225,-122.43165850000001
10AVE/36ST,37.86129225,-122.42936975
10AVE/37ST,37.86129225,-122.427081
10AVE/38ST,37.86129225,-122.42479225000001
10AVE/39ST,37.86129225,-122.4225035
10AVE/40ST,37.86129225,-122.42021475
10AVE/41ST,37.86129225,-122.41792600000001
10AVE/42ST,37.86129225,-122.41563725
10AVE/43ST,37.86129225,-122.41334850000001
10AVE/44ST,37.86129225,-122.41105975
10AVE/45ST,37.86129225,-122.408771
10AVE/46ST,37.86129225,-122.40648225000001
10AVE/47ST,37.86129225,-122.4041935
10AVE/48ST,37.86129225,-122.40190475
10AVE/49ST,37.86129225,-122.39961600000001
10AVE/50ST,37.86129225,-122.39732725
10AVE/51ST,37.86129225,-122.39503850000001
10AVE/52ST,37.86129225,-122.39274975000001
10AVE/53ST,37.86129225,-122.390461
10AVE/54ST,37.86129225,-122.38817225000001
10AVE/55ST,37.86129225,-122.3858835
10AVE/56ST,37.86129225,-122.38359475
10AVE/57ST,37.86129225,-122.38130600000001
10AVE/58ST,37.86129225,-122.37901725
10AVE/59ST,37.86129225,-122.37672850000001
10AVE/60ST,37.86129225,-122.37443975000001
10AVE/61ST,37.86129225,-122.372151
10AVE/62ST,37.86129225,-122.36986225000001
10AVE/63ST,37.86129225,-122.3675735
10AVE/64ST,37.86129225,-122.36528475
10AVE/65ST,37.86129225,-122.36299600000001
10AVE/66ST,37.86129225,-122.36070725
10AVE/67ST,37.86129225,-122.35841850000001
10AVE/68ST,37.86129225,-122.35612975000001
10AVE/69ST,37.86129225,-122.353841
10AVE/70ST,37.86129225,-122.35155225000001
10AVE/71ST,37.86129225,-122.3492635
10AVE/72ST,37.86129225,-122.34697475
10AVE/73ST,37.86129225,-122.34468600000001
10AVE/74ST,37.86129225,-122.34239725
10AVE/75ST,37.86129225,-122.3401085
10AVE/76ST,37.86129225,-122.33781975000001
10AVE/77ST,37.86129225,-122.335531
10AVE/78ST,37.86129225,-122.33324225000001
10AVE/79ST,37.86129225,-122.3309535
10AVE/80ST,37.86129225,-122.32866475
11AVE/1ST,37.8703485,-122.509476
11AVE/2ST,37.8703485,-122.50718725
11AVE/3ST,37.8703485,-122.50489850000001
11AVE/4ST,37.8703485,-122.50260975
11AVE/5ST,37.8703485,-122.500321
11AVE/6ST,37.8703485,-122.49803225000001
11AVE/7ST,37.8703485,-122.4957435
11AVE/8ST,37.8703485,-122.49345475000001
11AVE/9ST,37.8703485,-122.491166
11AVE/10ST,37.8703485,-122.48887725
11AVE/11ST,37.8703485,-122.48658850000001
11AVE/12ST,37.8703485,-122.48429975
11AVE/13ST,37.8703485,-122.482011
11AVE/14ST,37.8703485,-122.47972225000001
11AVE/15ST,37.8703485,-122.4774335
11AVE/16ST,37.8703485,-122.47514475000001
11AVE/17ST,37.8703485,-122.47285600000001
11AVE/18ST,37.8703485,-122.47056725
11AVE/19ST,37.8703485,-122.46827850000001
11AVE/20ST,37.8703485,-122.46598975
11AVE/21ST,37.8703485,-122.463701
11AVE/22ST,37.8703485,-122.46141225000001
11AVE/23ST,37.8703485,-122.4591235
11AVE/24ST,37.8703485,-122.45683475000001
11AVE/25ST,37.8703485,-122.45454600000001
11AVE/26ST,37.8703485,-122.45225725
11AVE/27ST,37.8703485,-122.44996850000001
11AVE/28ST,37.8703485,-122.44767975
11AVE/29ST,37.8703485,-122.445391
11AVE/30ST,37.8703485,-122.44310225000001
11AVE/31ST,37.8703485,-122.4408135
11AVE/32ST,37.8703485,-122.43852475000001
11AVE/33ST,37.8703485,-122.43623600000001
11AVE/34ST,37.8703485,-122.43394725
11AVE/35ST,37.8703485,-122.43165850000001
11AVE/36ST,37.8703485,-122.42936975
11AVE/37ST,37.8703485,-122.427081
11AVE/38ST,37.8703485,-122.42479225000001
11AVE/39ST,37.8703485,-122.4225035
11AVE/40ST,37.8703485,-122.42021475
11AVE/41ST,37.8703485,-122.41792600000001
11AVE/42ST,37.8703485,-122.41563725
11AVE/43ST,37.8703485,-122.41334850000001
11AVE/44ST,37.8703485,-122.41105975
11AVE/45ST,37.8703485,-122.408771
11AVE/46ST,37.8703485,-122.40648225000001
11AVE/47ST,37.8703485,-122.4041935
11AVE/48ST,37.8703485,-122.40190475
11AVE/49ST,37.8703485,-122.39961600000001
11AVE/50ST,37.8703485,-122.39732725
11AVE/51ST,37.8703485,-122.39503850000001
11AVE/52ST,37.8703485,-122.39274975000001
11AVE/53ST,37.8703485,-122.390461
11AVE/54ST,37.8703485,-122.38817225000001
11AVE/55ST,37.8703485,-122.3858835
11AVE/56ST,37.8703485,-122.38359475
11AVE/57ST,37.8703485,-122.38130600000001
11AVE/58ST,37.8703485,-122.37901725
11AVE/59ST,37.8703485,-122.37672850000001
11AVE/60ST,37.8703485,-122.37443975000001
11AVE/61ST,37.8703485,-122.372151
11AVE/62ST,37.8703485,-122.36986225000001
11AVE/63ST,37.8703485,-122.3675735
11AVE/64ST,37.8703485,-122.36528475
11AVE/65ST,37.8703485,-122.36299600000001
11AVE/66ST,37.8703485,-122.36070725
11AVE/67ST,37.8703485,-122.35841850000001
11AVE/68ST,37.8703485,-122.35612975000001
11AVE/69ST,37.8703485,-122.353841
11AVE/70ST,37.8703485,-122.35155225000001
11AVE/71ST,37.8703485,-122.3492635
11AVE/72ST,37.8703485,-122.34697475
11AVE/73ST,37.8703485,-122.34468600000001
11AVE/74ST,37.8703485,-122.34239725
11AVE/75ST,37.8703485,-122.3401085
11AVE/76ST,37.8703485,-122.33781975000001
11AVE/77ST,37.8703485,-122.335531
11AVE/78ST,37.8703485,-122.33324225000001
11AVE/79ST,37.8703485,-122.3309535
11AVE/80ST,37.8703485,-122.32866475
12AVE/1ST,37.87940475,-122.509476
12AVE/2ST,37.87940475,-122.50718725
12AVE/3ST,37.87940475,-122.50489850000001
12AVE/4ST,37.87940475,-122.50260975
12AVE/5ST,37.87940475,-122.500321
12AVE/6ST,37.87940475,-122.49803225000001
12AVE/7ST,37.87940475,-122.4957435
12AVE/8ST,37.87940475,-122.49345475000001
12AVE/9ST,37.87940475,-122.491166
12AVE/10ST,37.87940475,-122.48887725
12AVE/11ST,37.87940475,-122.48658850000001
12AVE/12ST,37.87940475,-122.48429975
12AVE/13ST,37.87940475,-122.482011
12AVE/14ST,37.87940475,-122.47972225000001
12AVE/15ST,37.87940475,-122.4774335
12AVE/16ST,37.87940475,-122.47514475000001
12AVE/17ST,37.87940475,-122.47285600000001
12AVE/18ST,37.87940475,-122.47056725
12AVE/19ST,37.87940475,-122.46827850000001
12AVE/20ST,37.87940475,-122.46598975
12AVE/21ST,37.87940475,-122.463701
12AVE/22ST,37.87940475,-122.46141225000001
12AVE/23ST,37.87940475,-122.4591235
12AVE/24ST,37.87940475,-122.45683475000001
12AVE/25ST,37.87940475,-122.45454600000001
12AVE/26ST,37.87940475,-122.45225725
12AVE/27ST,37.87940475,-122.44996850000001
12AVE/28ST,37.87940475,-122.44767975
12AVE/29ST,37.87940475,-122.445391
12AVE/30ST,37.87940475,-122.44310225000001
12AVE/31ST,37.87940475,-122.4408135
12AVE/32ST,37.87940475,-122.43852475000001
12AVE/33ST,37.87940475,-122.43623600000001
12AVE/34ST,37.87940475,-122.43394725
12AVE/35ST,37.87940475,-122.43165850000001
12AVE/36ST,37.87940475,-122.42936975
12AVE/37ST,37.87940475,-122.427081
12AVE/38ST,37.87940475,-122.42479225000001
12AVE/39ST,37.87940475,-122.4225035
12AVE/40ST,37.87940475,-122.42021475
12AVE/41ST,37.87940475,-122.41792600000001
12AVE/42ST,37.87940475,-122.41563725
12AVE/43ST,37.87940475,-122.41334850000001
12AVE/44ST,37.87940475,-122.41105975
12AVE/45ST,37.87940475,-122.408771
12AVE/46ST,37.87940475,-122.40648225000001
12AVE/47ST,37.87940475,-122.4041935
12AVE/48ST,37.87940475,-122.40190475
12AVE/49ST,37.87940475,-122.39961600000001
12AVE/50ST,37.87940475,-122.39732725
12AVE/51ST,37.87940475,-122.39503850000001
12AVE/52ST,37.87940475,-122.39274975000001
12AVE/53ST,37.87940475,-122.390461
12AVE/54ST,37.87940475,-122.38817225000001
12AVE/55ST,37.87940475,-122.3858835
12AVE/56ST,37.87940475,-122.38359475
12AVE/57ST,37.87940475,-122.38130600000001
12AVE/58ST,37.87940475,-122.37901725
12AVE/59ST,37.87940475,-122.37672850000001
12AVE/60ST,37.87940475,-122.37443975000001
12AVE/61ST,37.87940475,-122.372151
12AVE/62ST,37.87940475,-122.36986225000001
12AVE/63ST,37.87940475,-122.3675735
12AVE/64ST,37.87940475,-122.36528475
12AVE/65ST,37.87940475,-122.36299600000001
12AVE/66ST,37.87940475,-122.36070725
12AVE/67ST,37.87940475,-122.35841850000001
12AVE/68ST,37.87940475,-122.35612975000001
12AVE/69ST,37.87940475,-122.353841
12AVE/70ST,37.87940475,-122.35155225000001
12AVE/71ST,37.87940475,-122.3492635
12AVE/72ST,37.87940475,-122.34697475
12AVE/73ST,37.87940475,-122.34468600000001
12AVE/74ST,37.87940475,-122.34239725
12AVE/75ST,37.87940475,-122.3401085
12AVE/76ST,37.87940475,-122.33781975000001
12AVE/77ST,37.87940475,-122.335531
12AVE/78ST,37.87940475,-122.33324225000001
12AVE/79ST,37.87940475,-122.3309535
12AVE/80ST,37.87940475,-122.32866475
13AVE/1ST,37.888461,-122.509476
13AVE/2ST,37.888461,-122.50718725
13AVE/3ST,37.888461,-122.50489850000001
13AVE/4ST,37.888461,-122.50260975
13AVE/5ST,37.888461,-122.500321
13AVE/6ST,37.888461,-122.49803225000001
13AVE/7ST,37.888461,-122.4957435
13AVE/8ST,37.888461,-122.49345475000001
13AVE/9ST,37.888461,-122.491166
13AVE/10ST,37.888461,-122.48887725
13AVE/11ST,37.888461,-122.48658850000001
13AVE/12ST,37.888461,-122.48429975
13AVE/13ST,37.888461,-122.482011
13AVE/14ST,37.888461,-122.47972225000001
13AVE/15ST,37.888461,-122.4774335
13AVE/16ST,37.888461,-122.47514475000001
13AVE/17ST,37.888461,-122.47285600000001
13AVE/18ST,37.888461,-122.47056725
13AVE/19ST,37.888461,-122.46827850000001
13AVE/20ST,37.888461,-122.46598975
13AVE/21ST,37.888461,-122.463701
13AVE/22ST,37.888461,-122.46141225000001
13AVE/23ST,37.888461,-122.4591235
13AVE/24ST,37.888461,-122.45683475000001
13AVE/25ST,37.888461,-122.45454600000001
13AVE/26ST,37.888461,-122.45225725
13AVE/27ST,37.888461,-122.44996850000001
13AVE/28ST,37.888461,-122.44767975
13AVE/29ST,37.888461,-122.445391
13AVE/30ST,37.888461,-122.44310225000001
13AVE/31ST,37.888461,-122.4408135
13AVE/32ST,37.888461,-122.43852475000001
13AVE/33ST,37.888461,-122.43623600000001
13AVE/34ST,37.888461,-122.43394725
13AVE/35ST,37.888461,-122.43165850000001
13AVE/36ST,37.888461,-122.42936975
13AVE/37ST,37.888461,-122.427081
13AVE/38ST,37.888461,-122.42479225000001
13AVE/39ST,37.888461,-122.4225035
13AVE/40ST,37.888461,-122.42021475
13AVE/41ST,37.888461,-122.41792600000001
13AVE/42ST,37.888461,-122.41563725
13AVE/43ST,37.888461,-122.41334850000001
13AVE/44ST,37.888461,-122.41105975
13AVE/45ST,37.888461,-122.408771
13AVE/46ST,37.888461,-122.40648225000001
13AVE/47ST,37.888461,-122.4041935
13AVE/48ST,37.888461,-122.40190475
13AVE/49ST,37.888461,-122.39961600000001
13AVE/50ST,37.888461,-122.39732725
13AVE/51ST,37.888461,-122.39503850000001
13AVE/52ST,37.888461,-122.39274975000001
13AVE/53ST,37.888461,-122.390461
13AVE/54ST,37.888461,-122.38817225000001
13AVE/55ST,37.888461,-122.3858835
13AVE/56ST,37.888461,-122.38359475
13AVE/57ST,37.888461,-122.38130600000001
13AVE/58ST,37.888461,-122.37901725
13AVE/59ST,37.888461,-122.37672850000001
13AVE/60ST,37.888461,-122.37443975000001
13AVE/61ST,37.888461,-122.372151
13AVE/62ST,37.888461,-122.36986225000001
13AVE/63ST,37.888461,-122.3675735
13AVE/64ST,37.888461,-122.36528475
13AVE/65ST,37.888461,-122.36299600000001
13AVE/66ST,37.888461,-122.36070725
13AVE/67ST,37.888461,-122.35841850000001
13AVE/68ST,37.888461,-122.35612975000001
13AVE/69ST,37.888461,-122.353841
13AVE/70ST,37.888461,-122.35155225000001
13AVE/71ST,37.888461,-122.3492635
13AVE/72ST,37.888461,-122.34697475
13AVE/73ST,37.888461,-122.34468600000001
13AVE/74ST,37.888461,-122.34239725
13AVE/75ST,37.888461,-122.3401085
13AVE/76ST,37.888461,-122.33781975000001
13AVE/77ST,37.888461,-122.335531
13AVE/78ST,37.888461,-122.33324225000001
13AVE/79ST,37.888461,-122.3309535
13AVE/80ST,37.888461,-122.32866475
14AVE/1ST,37.89751725,-122.509476
14AVE/2ST,37.89751725,-122.50718725
14AVE/3ST,37.89751725,-122.50489850000001
14AVE/4ST,37.89751725,-122.50260975
14AVE/5ST,37.89751725,-122.500321
14AVE/6ST,37.89751725,-122.49803225000001
14AVE/7ST,37.89751725,-122.4957435
14AVE/8ST,37.89751725,-122.49345475000001
14AVE/9ST,37.89751725,-122.491166
14AVE/10ST,37.89751725,-122.48887725
14AVE/11ST,37.89751725,-122.48658850000001
14AVE/12ST,37.89751725,-122.48429975
14AVE/13ST,37.89751725,-122.482011
14AVE/14ST,37.89751725,-122.47972225000001
14AVE/15ST,37.89751725,-122.4774335
14AVE/16ST,37.89751725,-122.47514475000001
14AVE/17ST,37.89751725,-122.47285600000001
14AVE/18ST,37.89751725,-122.47056725
14AVE/19ST,37.89751725,-122.46827850000001
14AVE/20ST,37.89751725,-122.46598975
14AVE/21ST,37.89751725,-122.463701
14AVE/22ST,37.89751725,-122.46141225000001
14AVE/23ST,37.89751725,-122.4591235
14AVE/24ST,37.89751725,-122.45683475000001
14AVE/25ST,37.89751725,-122.45454600000001
14AVE/26ST,37.89751725,-122.45225725
14AVE/27ST,37.89751725,-122.44996850000001
14AVE/28ST,37.89751725,-122.44767975
14AVE/29ST,37.89751725,-122.445391
14AVE/30ST,37.89751725,-122.44310225000001
14AVE/31ST,37.89751725,-122.4408135
14AVE/32ST,37.89751725,-122.43852475000001
14AVE/33ST,37.89751725,-122.43623600000001
14AVE/34ST,37.89751725,-122.43394725
14AVE/35ST,37.89751725,-122.43165850000001
14AVE/36ST,37.89751725,-122.42936975
14AVE/37ST,37.89751725,-122.427081
14AVE/38ST,37.89751725,-122.42479225000001
14AVE/39ST,37.89751725,-122.4225035
14AVE/40ST,37.89751725,-122.42021475
14AVE/41ST,37.89751725,-122.41792600000001
14AVE/42ST,37.89751725,-122.41563725
14AVE/43ST,37.89751725,-122.41334850000001
14AVE/44ST,37.89751725,-122.41105975
14AVE/45ST,37.89751725,-122.408771
14AVE/46ST,37.89751725,-122.40648225000001
14AVE/47ST,37.89751725,-122.4041935
14AVE/48ST,37.89751725,-122.40190475
14AVE/49ST,37.89751725,-122.39961600000001
14AVE/50ST,37.89751725,-122.39732725
14AVE/51ST,37.89751725,-122.39503850000001
14AVE/52ST,37.89751725,-122.39274975000001
14AVE/53ST,37.89751725,-122.390461
14AVE/54ST,37.89751725,-122.38817225000001
14AVE/55ST,37.89751725,-122.3858835
14AVE/56ST,37.89751725,-122.38359475
14AVE/57ST,37.89751725,-122.38130600000001
14AVE/58ST,37.89751725,-122.37901725
14AVE/59ST,37.89751725,-122.37672850000001
14AVE/60ST,37.89751725,-122.37443975000001
14AVE/61ST,37.89751725,-122.372151
14AVE/62ST,37.89751725,-122.36986225000001
14AVE/63ST,37.89751725,-122.3675735
14AVE/64ST,37.89751725,-122.36528475
14AVE/65ST,37.89751725,-122.36299600000001
14AVE/66ST,37.89751725,-122.36070725
14AVE/67ST,37.89751725,-122.35841850000001
14AVE/68ST,37.89751725,-122.35612975000001
14AVE/69ST,37.89751725,-122.353841
14AVE/70ST,37.89751725,-122.35155225000001
14AVE/71ST,37.89751725,-122.3492635
14AVE/72ST,37.89751725,-122.34697475
14AVE/73ST,37.89751725,-122.34468600000001
14AVE/74ST,37.89751725,-122.34239725
14AVE/75ST,37.89751725,-122.3401085
14AVE/76ST,37.89751725,-122.33781975000001
14AVE/77ST,37.89751725,-122.335531
14AVE/78ST,37.89751725,-122.33324225000001
14AVE/79ST,37.89751725,-122.3309535
14AVE/80ST,37.89751725,-122.32866475
15AVE/1ST,37.9065735,-122.509476
15AVE/2ST,37.9065735,-122.50718725
15AVE/3ST,37.9065735,-122.50489850000001
15AVE/4ST,37.9065735,-122.50260975
15AVE/5ST,37.9065735,-122.500321
15AVE/6ST,37.9065735,-122.49803225000001
15AVE/7ST,37.9065735,-122.4957435
15AVE/8ST,37.9065735,-122.49345475000001
15AVE/9ST,37.9065735,-122.491166
15AVE/10ST,37.9065735,-122.48887725
15AVE/11ST,37.9065735,-122.48658850000001
15AVE/12ST,37.9065735,-122.48429975
15AVE/13ST,37.9065735,-122.482011
15AVE/14ST,37.9065735,-122.47972225000001
15AVE/15ST,37.9065735,-122.4774335
15AVE/16ST,37.9065735,-122.47514475000001
15AVE/17ST,37.9065735,-122.47285600000001
15AVE/18ST,37.9065735,-122.47056725
15AVE/19ST,37.9065735,-122.46827850000001
15AVE/20ST,37.9065735,-122.46598975
15AVE/21ST,37.9065735,-122.463701
15AVE/22ST,37.9065735,-122.46141225000001
15AVE/23ST,37.9065735,-122.4591235
15AVE/24ST,37.9065735,-122.45683475000001
15AVE/25ST,37.9065735,-122.45454600000001
15AVE/26ST,37.9065735,-122.45225725
15AVE/27ST,37.9065735,-122.44996850000001
15AVE/28ST,37.9065735,-122.44767975
15AVE/29ST,37.9065735,-122.445391
15AVE/30ST,37.9065735,-122.44310225000001
15AVE/31ST,37.9065735,-122.4408135
15AVE/32ST,37.9065735,-122.43852475000001
15AVE/33ST,37.9065735,-122.43623600000001
15AVE/34ST,37.9065735,-122.43394725
15AVE/35ST,37.9065735,-122.43165850000001
15AVE/36ST,37.9065735,-122.42936975
15AVE/37ST,37.9065735,-122.427081
15AVE/38ST,37.9065735,-122.42479225000001
15AVE/39ST,37.9065735,-122.4225035
15AVE/40ST,37.9065735,-122.42021475
15AVE/41ST,37.9065735,-122.41792600000001
15AVE/42ST,37.9065735,-122.41563725
15AVE/43ST,37.9065735,-122.41334850000001
15AVE/44ST,37.9065735,-122.41105975
15AVE/45ST,37.9065735,-122.408771
15AVE/46ST,37.9065735,-122.40648225000001
15AVE/47ST,37.9065735,-122.4041935
15AVE/48ST,37.9065735,-122.40190475
15AVE/49ST,37.9065735,-122.39961600000001
15AVE/50ST,37.9065735,-122.39732725
15AVE/51ST,37.9065735,-122.39503850000001
15AVE/52ST,37.9065735,-122.39274975000001
15AVE/53ST,37.9065735,-122.390461
15AVE/54ST,37.9065735,-122.38817225000001
15AVE/55ST,37.9065735,-122.3858835
15AVE/56ST,37.9065735,-122.38359475
15AVE/57ST,37.9065735,-122.38130600000001
15AVE/58ST,37.9065735,-122.37901725
15AVE/59ST,37.9065735,-122.37672850000001
15AVE/60ST,37.9065735,-122.37443975000001
15AVE/61ST,37.9065735,-122.372151
15AVE/62ST,37.9065735,-122.36986225000001
15AVE/63ST,37.9065735,-122.3675735
15AVE/64ST,37.9065735,-122.36528475
15AVE/65ST,37.9065735,-122.36299600000001
15AVE/66ST,37.9065735,-122.36070725
15AVE/67ST,37.9065735,-122.35841850000001
15AVE/68ST,37.9065735,-122.35612975000001
15AVE/69ST,37.9065735,-122.353841
15AVE/70ST,37.9065735,-122.35155225000001
15AVE/71ST,37.9065735,-122.3492635
15AVE/72ST,37.9065735,-122.34697475
15AVE/73ST,37.9065735,-122.34468600000001
15AVE/74ST,37.9065735,-122.34239725
15AVE/75ST,37.9065735,-122.3401085
15AVE/76ST,37.9065735,-122.33781975000001
15AVE/77ST,37.9065735,-122.335531
15AVE/78ST,37.9065735,-122.33324225000001
15AVE/79ST,37.9065735,-122.3309535
15AVE/80ST,37.9065735,-122.32866475
16AVE/1ST,37.91562975,-122.509476
16AVE/2ST,37.91562975,-122.50718725
16AVE/3ST,37.91562975,-122.50489850000001
16AVE/4ST,37.91562975,-122.50260975
16AVE/5ST,37.91562975,-122.500321
16AVE/6ST,37.91562975,-122.49803225000001
16AVE/7ST,37.91562975,-122.4957435
16AVE/8ST,37.91562975,-122.49345475000001
16AVE/9ST,37.91562975,-122.491166
16AVE/10ST,37.91562975,-122.48887725
16AVE/11ST,37.91562975,-122.48658850000001
16AVE/12ST,37.91562975,-122.48429975
16AVE/13ST,37.91562975,-122.482011
16AVE/14ST,37.91562975,-122.47972225000001
16AVE/15ST,37.91562975,-122.4774335
16AVE/16ST,37.91562975,-122.47514475000001
16AVE/17ST,37.91562975,-122.47285600000001
16AVE/18ST,37.91562975,-122.47056725
16AVE/19ST,37.91562975,-122.46827850000001
16AVE/20ST,37.91562975,-122.46598975
16AVE/21ST,37.91562975,-122.463701
16AVE/22ST,37.91562975,-122.46141225000001
16AVE/23ST,37.91562975,-122.4591235
16AVE/24ST,37.91562975,-122.45683475000001
16AVE/25ST,37.91562975,-122.45454600000001
16AVE/26ST,37.91562975,-122.45225725
16AVE/27ST,37.91562975,-122.44996850000001
16AVE/28ST,37.91562975,-122.44767975
16AVE/29ST,37.91562975,-122.445391
16AVE/30ST,37.91562975,-122.44310225000001
16AVE/31ST,37.91562975,-122.4408135
16AVE/32ST,37.91562975,-122.43852475000001
16AVE/33ST,37.91562975,-122.43623600000001
16AVE/34ST,37.91562975,-122.43394725
16AVE/35ST,37.91562975,-122.43165850000001
16AVE/36ST,37.91562975,-122.42936975
16AVE/37ST,37.91562975,-122.427081
16AVE/38ST,37.91562975,-122.42479225000001
16AVE/39ST,37.91562975,-122.4225035
16AVE/40ST,37.91562975,-122.42021475
16AVE/41ST,37.91562975,-122.41792600000001
16AVE/42ST,37.91562975,-122.41563725
16AVE/43ST,37.91562975,-122.41334850000001
16AVE/44ST,37.91562975,-122.41105975
16AVE/45ST,37.91562975,-122.408771
16AVE/46ST,37.91562975,-122.40648225000001
16AVE/47ST,37.91562975,-122.4041935
16AVE/48ST,37.91562975,-122.40190475
16AVE/49ST,37.91562975,-122.39961600000001
16AVE/50ST,37.91562975,-122.39732725
16AVE/51ST,37.91562975,-122.39503850000001
16AVE/52ST,37.91562975,-122.39274975000001
16AVE/53ST,37.91562975,-122.390461
16AVE/54ST,37.91562975,-122.38817225000001
16AVE/55ST,37.91562975,-122.3858835
16AVE/56ST,37.91562975,-122.38359475
16AVE/57ST,37.91562975,-122.38130600000001
16AVE/58ST,37.91562975,-122.37901725
16AVE/59ST,37.91562975,-122.37672850000001
16AVE/60ST,37.91562975,-122.37443975000001
16AVE/61ST,37.91562975,-122.372151
16AVE/62ST,37.91562975,-122.36986225000001
16AVE/63ST,37.91562975,-122.3675735
16AVE/64ST,37.91562975,-122.36528475
16AVE/65ST,37.91562975,-122.36299600000001
16AVE/66ST,37.91562975,-122.36070725
16AVE/67ST,37.91562975,-122.35841850000001
16AVE/68ST,37.91562975,-122.35612975000001
16AVE/69ST,37.91562975,-122.353841
16AVE/70ST,37.91562975,-122.35155225000001
16AVE/71ST,37.91562975,-122.3492635
16AVE/72ST,37.91562975,-122.34697475
16AVE/73ST,37.91562975,-122.34468600000001
16AVE/74ST,37.91562975,-122.34239725
16AVE/75ST,37.91562975,-122.3401085
16AVE/76ST,37.91562975,-122.33781975000001
16AVE/77ST,37.91562975,-122.335531
16AVE/78ST,37.91562975,-122.33324225000001
16AVE/79ST,37.91562975,-122.3309535
16AVE/80ST,37.91562975,-122.32866475
17AVE/1ST,37.924686,-122.509476
17AVE/2ST,37.924686,-122.50718725
17AVE/3ST,37.924686,-122.50489850000001
17AVE/4ST,37.924686,-122.50260975
17AVE/5ST,37.924686,-122.500321
17AVE/6ST,37.924686,-122.49803225000001
17AVE/7ST,37.924686,-122.4957435
17AVE/8ST,37.924686,-122.49345475000001
17AVE/9ST,37.924686,-122.491166
17AVE/10ST,37.924686,-122.48887725
17AVE/11ST,37.924686,-122.48658850000001
17AVE/12ST,37.924686,-122.48429975
17AVE/13ST,37.924686,-122.482011
17AVE/14ST,37.924686,-122.47972225000001
17AVE/15ST,37.924686,-122.4774335
17AVE/16ST,37.924686,-122.47514475000001
17AVE/17ST,37.924686,-122.47285600000001
17AVE/18ST,37.924686,-122.47056725
17AVE/19ST,37.924686,-122.46827850000001
17AVE/20ST,37.924686,-122.46598975
17AVE/21ST,37.924686,-122.463701
17AVE/22ST,37.924686,-122.46141225000001
17AVE/23ST,37.924686,-122.4591235
17AVE/24ST,37.924686,-122.45683475000001
17AVE/25ST,37.924686,-122.45454600000001
17AVE/26ST,37.924686,-122.45225725
17AVE/27ST,37.924686,-122.44996850000001
17AVE/28ST,37.924686,-122.44767975
17AVE/29ST,37.924686,-122.445391
17AVE/30ST,37.924686,-122.44310225000001
17AVE/31ST,37.924686,-122.4408135
17AVE/32ST,37.924686,-122.43852475000001
17AVE/33ST,37.924686,-122.43623600000001
17AVE/34ST,37.924686,-122.43394725
17AVE/35ST,37.924686,-122.43165850000001
17AVE/36ST,37.924686,-122.42936975
17AVE/37ST,37.924686,-122.427081
17AVE/38ST,37.924686,-122.42479225000001
17AVE/39ST,37.924686,-122.4225035
17AVE/40ST,37.924686,-122.42021475
17AVE/41ST,37.924686,-122.41792600000001
17AVE/42ST,37.924686,-122.41563725
17AVE/43ST,37.924686,-122.41334850000001
17AVE/44ST,37.924686,-122.41105975
17AVE/45ST,37.924686,-122.408771
17AVE/46ST,37.924686,-122.40648225000001
17AVE/47ST,37.924686,-122.4041935
17AVE/48ST,37.924686,-122.40190475
17AVE/49ST,37.924686,-122.39961600000001
17AVE/50ST,37.924686,-122.39732725
17AVE/51ST,37.924686,-122.39503850000001
17AVE/52ST,37.924686,-122.39274975000001
17AVE/53ST,37.924686,-122.390461
17AVE/54ST,37.924686,-122.38817225000001
17AVE/55ST,37.924686,-122.3858835
17AVE/56ST,37.924686,-122.38359475
17AVE/57ST,37.924686,-122.38130600000001
17AVE/58ST,37.924686,-122.37901725
17AVE/59ST,37.924686,-122.37672850000001
17AVE/60ST,37.924686,-122.37443975000001
17AVE/61ST,37.924686,-122.372151
17AVE/62ST,37.924686,-122.36986225000001
17AVE/63ST,37.924686,-122.3675735
17AVE/64ST,37.924686,-122.36528475
17AVE/65ST,37.924686,-122.36299600000001
17AVE/66ST,37.924686,-122.36070725
17AVE/67ST,37.924686,-122.35841850000001
17AVE/68ST,37.924686,-122.35612975000001
17AVE/69ST,37.924686,-122.353841
17AVE/70ST,37.924686,-122.35155225000001
17AVE/71ST,37.924686,-122.3492635
17AVE/72ST,37.924686,-122.34697475
17AVE/73ST,37.924686,-122.34468600000001
17AVE/74ST,37.924686,-122.34239725
17AVE/75ST,37.924686,-122.3401085
17AVE/76ST,37.924686,-122.33781975000001
17AVE/77ST,37.924686,-122.335531
17AVE/78ST,37.924686,-122.33324225000001
17AVE/79ST,37.924686,-122.3309535
17AVE/80ST,37.924686,-122.32866475
18AVE/1ST,37.93374225,-122.509476
18AVE/2ST,37.93374225,-122.50718725
18AVE/3ST,37.93374225,-122.50489850000001
18AVE/4ST,37.93374225,-122.50260975
18AVE/5ST,37.93374225,-122.500321
18AVE/6ST,37.93374225,-122.49803225000001
18AVE/7ST,37.93374225,-122.4957435
18AVE/8ST,37.93374225,-122.49345475000001
18AVE/9ST,37.93374225,-122.491166
18AVE/10ST,37.93374225,-122.48887725
18AVE/11ST,37.93374225,-122.48658850000001
18AVE/12ST,37.93374225,-122.48429975
18AVE/13ST,37.93374225,-122.482011
18AVE/14ST,37.93374225,-122.47972225000001
18AVE/15ST,37.93374225,-122.4774335
18AVE/16ST,37.93374225,-122.47514475000001
18AVE/17ST,37.93374225,-122.47285600000001
18AVE/18ST,37.93374225,-122.47056725
18AVE/19ST,37.93374225,-122.46827850000001
18AVE/20ST,37.93374225,-122.46598975
18AVE/21ST,37.93374225,-122.463701
18AVE/22ST,37.93374225,-122.46141225000001
18AVE/23ST,37.93374225,-122.4591235
18AVE/24ST,37.93374225,-122.45683475000001
18AVE/25ST,37.93374225,-122.45454600000001
18AVE/26ST,37.93374225,-122.45225725
18AVE/27ST,37.93374225,-122.44996850000001
18AVE/28ST,37.93374225,-122.44767975
18AVE/29ST,37.93374225,-122.445391
18AVE/30ST,37.93374225,-122.44310225000001
18AVE/31ST,37.93374225,-122.4408135
18AVE/32ST,37.93374225,-122.43852475000001
18AVE/33ST,37.93374225,-122.43623600000001
18AVE/34ST,37.93374225,-122.43394725
18AVE/35ST,37.93374225,-122.43165850000001
18AVE/36ST,37.93374225,-122.42936975
18AVE/37ST,37.93374225,-122.427081
18AVE/38ST,37.93374225,-122.42479225000001
18AVE/39ST,37.93374225,-122.4225035
18AVE/40ST,37.93374225,-122.42021475
18AVE/41ST,37.93374225,-122.41792600000001
18AVE/42ST,37.93374225,-122.41563725
18AVE/43ST,37.93374225,-122.41334850000001
18AVE/44ST,37.93374225,-122.41105975
18AVE/45ST,37.93374225,-122.408771
18AVE/46ST,37.93374225,-122.40648225000001
18AVE/47ST,37.93374225,-122.4041935
18AVE/48ST,37.93374225,-122.40190475
18AVE/49ST,37.93374225,-122.39961600000001
18AVE/50ST,37.93374225,-122.39732725
18AVE/51ST,37.93374225,-122.39503850000001
18AVE/52ST,37.93374225,-122.39274975000001
18AVE/53ST,37.93374225,-122.390461
18AVE/54ST,37.93374225,-122.38817225000001
18AVE/55ST,37.93374225,-122.3858835
18AVE/56ST,37.93374225,-122.38359475
18AVE/57ST,37.93374225,-122.38130600000001
18AVE/58ST,37.93374225,-122.37901725
18AVE/59ST,37.93374225,-122.37672850000001
18AVE/60ST,37.93374225,-122.37443975000001
18AVE/61ST,37.93374225,-122.372151
18AVE/62ST,37.93374225,-122.36986225000001
18AVE/63ST,37.93374225,-122.3675735
18AVE/64ST,37.93374225,-122.36528475
18AVE/65ST,37.93374225,-122.36299600000001
18AVE/66ST,37.93374225,-122.36070725
18AVE/67ST,37.93374225,-122.35841850000001
18AVE/68ST,37.93374225,-122.35612975000001
18AVE/69ST,37.93374225,-122.353841
18AVE/70ST,37.93374225,-122.35155225000001
18AVE/71ST,37.93374225,-122.3492635
18AVE/72ST,37.93374225,-122.34697475
18AVE/73ST,37.93374225,-122.34468600000001
18AVE/74ST,37.93374225,-122.34239725
18AVE/75ST,37.93374225,-122.3401085
18AVE/76ST,37.93374225,-122.33781975000001
18AVE/77ST,37.93374225,-122.335531
18AVE/78ST,37.93374225,-122.33324225000001
18AVE/79ST,37.93374225,-122.3309535
18AVE/80ST,37.93374225,-122.32866475
19AVE/1ST,37.9427985,-122.509476
19AVE/2ST,37.9427985,-122.50718725
19AVE/3ST,37.9427985,-122.50489850000001
19AVE/4ST,37.9427985,-122.50260975
19AVE/5ST,37.9427985,-122.500321
19AVE/6ST,37.9427985,-122.49803225000001
19AVE/7ST,37.9427985,-122.4957435
19AVE/8ST,37.9427985,-122.49345475000001
19AVE/9ST,37.9427985,-122.491166
19AVE/10ST,37.9427985,-122.48887725
19AVE/11ST,37.9427985,-122.48658850000001
19AVE/12ST,37.9427985,-122.48429975
19AVE/13ST,37.9427985,-122.482011
19AVE/14ST,37.9427985,-122.47972225000001
19AVE/15ST,37.9427985,-122.4774335
19AVE/16ST,37.9427985,-122.47514475000001
19AVE/17ST,37.9427985,-122.47285600000001
19AVE/18ST,37.9427985,-122.47056725
19AVE/19ST,37.9427985,-122.46827850000001
19AVE/20ST,37.9427985,-122.46598975
19AVE/21ST,37.9427985,-122.463701
19AVE/22ST,37.9427985,-122.46141225000001
19AVE/23ST,37.9427985,-122.4591235
19AVE/24ST,37.9427985,-122.45683475000001
19AVE/25ST,37.9427985,-122.45454600000001
19AVE/26ST,37.9427985,-122.45225725
19AVE/27ST,37.9427985,-122.44996850000001
19AVE/28ST,37.9427985,-122.44767975
19AVE/29ST,37.9427985,-122.445391
19AVE/30ST,37.9427985,-122.44310225000001
19AVE/31ST,37.9427985,-122.4408135
19AVE/32ST,37.9427985,-122.43852475000001
19AVE/33ST,37.9427985,-122.43623600000001
19AVE/34ST,37.9427985,-122.43394725
19AVE/35ST,37.9427985,-122.43165850000001
19AVE/36ST,37.9427985,-122.42936975
19AVE/37ST,37.9427985,-122.427081
19AVE/38ST,37.9427985,-122.42479225000001
19AVE/39ST,37.9427985,-122.4225035
19AVE/40ST,37.9427985,-122.42021475
19AVE/41ST,37.9427985,-122.41792600000001
19AVE/42ST,37.9427985,-122.41563725
19AVE/43ST,37.9427985,-122.41334850000001
19AVE/44ST,37.9427985,-122.41105975
19AVE/45ST,37.9427985,-122.408771
19AVE/46ST,37.9427985,-122.40648225000001
19AVE/47ST,37.9427985,-122.4041935
19AVE/48ST,37.9427985,-122.40190475
19AVE/49ST,37.9427985,-122.39961600000001
19AVE/50ST,37.9427985,-122.39732725
19AVE/51ST,37.9427985,-122.39503850000001
19AVE/52ST,37.9427985,-122.39274975000001
19AVE/53ST,37.9427985,-122.390461
19AVE/54ST,37.9427985,-122.38817225000001
19AVE/55ST,37.9427985,-122.3858835
19AVE/56ST,37.9427985,-122.38359475
19AVE/57ST,37.9427985,-122.38130600000001
19AVE/58ST,37.9427985,-122.37901725
19AVE/59ST,37.9427985,-122.37672850000001
19AVE/60ST,37.9427985,-122.37443975000001
19AVE/61ST,37.9427985,-122.372151
19AVE/62ST,37.9427985,-122.36986225000001
19AVE/63ST,37.9427985,-122.3675735
19AVE/64ST,37.9427985,-122.36528475
19AVE/65ST,37.9427985,-122.36299600000001
19AVE/66ST,37.9427985,-122.36070725
19AVE/67ST,37.9427985,-122.35841850000001
19AVE/68ST,37.9427985,-122.35612975000001
19AVE/69ST,37.9427985,-122.353841
19AVE/70ST,37.9427985,-122.35155225000001
19AVE/71ST,37.9427985,-122.3492635
19AVE/72ST,37.9427985,-122.34697475
19AVE/73ST,37.9427985,-122.34468600000001
19AVE/74ST,37.9427985,-122.34239725
19AVE/75ST,37.9427985,-122.3401085
19AVE/76ST,37.9427985,-122.33781975000001
19AVE/77ST,37.9427985,-122.335531
19AVE/78ST,37.9427985,-122.33324225000001
19AVE/79ST,37.9427985,-122.3309535
19AVE/80ST,37.9427985,-122.32866475
20AVE/1ST,37.95185475,-122.509476
20AVE/2ST,37.95185475,-122.50718725
20AVE/3ST,37.95185475,-122.50489850000001
20AVE/4ST,37.95185475,-122.50260975
20AVE/5ST,37.95185475,-122.500321
20AVE/6ST,37.95185475,-122.49803225000001
20AVE/7ST,37.95185475,-122.4957435
20AVE/8ST,37.95185475,-122.49345475000001
20AVE/9ST,37.95185475,-122.491166
20AVE/10ST,37.95185475,-122.48887725
20AVE/11ST,37.95185475,-122.48658850000001
20AVE/12ST,37.95185475,-122.48429975
20AVE/13ST,37.95185475,-122.482011
20AVE/14ST,37.95185475,-122.47972225000001
20AVE/15ST,37.95185475,-122.4774335
20AVE/16ST,37.95185475,-122.47514475000001
20AVE/17ST,37.95185475,-122.47285600000001
20AVE/18ST,37.95185475,-122.47056725
20AVE/19ST,37.95185475,-122.46827850000001
20AVE/20ST,37.95185475,-122.46598975
20AVE/21ST,37.95185475,-122.463701
20AVE/22ST,37.95185475,-122.46141225000001
20AVE/23ST,37.95185475,-122.4591235
20AVE/24ST,37.95185475,-122.45683475000001
20AVE/25ST,37.95185475,-122.45454600000001
20AVE/26ST,37.95185475,-122.45225725
20AVE/27ST,37.95185475,-122.44996850000001
20AVE/28ST,37.95185475,-122.44767975
20AVE/29ST,37.95185475,-122.445391
20AVE/30ST,37.95185475,-122.44310225000001
20AVE/31ST,37.95185475,-122.4408135
20AVE/32ST,37.95185475,-122.43852475000001
20AVE/33ST,37.95185475,-122.43623600000001
20AVE/34ST,37.95185475,-122.43394725
20AVE/35ST,37.95185475,-122.43165850000001
20AVE/36ST,37.95185475,-122.42936975
20AVE/37ST,37.95185475,-122.427081
20AVE/38ST,37.95185475,-122.42479225000001
20AVE/39ST,37.95185475,-122.4225035
20AVE/40ST,37.95185475,-122.42021475
20AVE/41ST,37.95185475,-122.41792600000001
20AVE/42ST,37.95185475,-122.41563725
20AVE/43ST,37.95185475,-122.41334850000001
20AVE/44ST,37.95185475,-122.41105975
20AVE/45ST,37.95185475,-122.408771
20AVE/46ST,37.95185475,-122.40648225000001
20AVE/47ST,37.95185475,-122.4041935
20AVE/48ST,37.95185475,-122.40190475
20AVE/49ST,37.95185475,-122.39961600000001
20AVE/50ST,37.95185475,-122.39732725
20AVE/51ST,37.95185475,-122.39503850000001
20AVE/52ST,37.95185475,-122.39274975000001
20AVE/53ST,37.95185475,-122.390461
20AVE/54ST,37.95185475,-122.38817225000001
20AVE/55ST,37.95185475,-122.3858835
20AVE/56ST,37.95185475,-122.38359475
20AVE/57ST,37.95185475,-122.38130600000001
20AVE/58ST,37.95185475,-122.37901725
20AVE/59ST,37.95185475,-122.37672850000001
20AVE/60ST,37.95185475,-122.37443975000001
20AVE/61ST,37.95185475,-122.372151
20AVE/62ST,37.95185475,-122.36986225000001
20AVE/63ST,37.95185475,-122.3675735
20AVE/64ST,37.95185475,-122.36528475
20AVE/65ST,37.95185475,-122.36299600000001
20AVE/66ST,37.95185475,-122.36070725
20AVE/67ST,37.95185475,-122.35841850000001
20AVE/68ST,37.95185475,-122.35612975000001
20AVE/69ST,37.95185475,-122.353841
20AVE/70ST,37.95185475,-122.35155225000001
20AVE/71ST,37.95185475,-122.3492635
20AVE/72ST,37.95185475,-122.34697475
20AVE/73ST,37.95185475,-122.34468600000001
20AVE/74ST,37.95185475,-122.34239725
20AVE/75ST,37.95185475,-122.3401085
20AVE/76ST,37.95185475,-122.33781975000001
20AVE/77ST,37.95185475,-122.335531
20AVE/78ST,37.95185475,-122.33324225000001
20AVE/79ST,37.95185475,-122.3309535
20AVE/80ST,37.95185475,-122.32866475
